cp_matnumber,cp_matlabel,cp_xposition,cp_yposition,cp_matwidth,cp_matheight,cp_defaultxposition,cp_defaultyposition,cp_render,cp_standardmat,cp_matgender,cp_fillcolor,cp_strokecolor,cp_matid
1,1,200,5,64,144,200,5,true,true,Male,#A0A972,#383838,4f7305fe-1a6c-f111-ab0f-7ced8da5852f
2,2,268,5,64,144,268,5,true,false,,#A0A972,,45fd2b1f-a6b2-f111-aaae-7c1e5253ff0a
3,3,336,5,64,144,336,5,true,true,Male,#A0A972,#383838,527305fe-1a6c-f111-ab0f-7ced8da5852f
4,4,404,5,64,144,404,5,true,true,Male,#A0A972,#383838,547305fe-1a6c-f111-ab0f-7ced8da5852f
5,5,472,5,64,144,472,5,true,true,Male,#A0A972,#383838,567305fe-1a6c-f111-ab0f-7ced8da5852f
6,6,540,5,64,144,540,5,true,true,High Intox,#BB4B26,#FF0000,587305fe-1a6c-f111-ab0f-7ced8da5852f
7,7,609,5,64,144,609,5,true,true,Male,#A0A972,#383838,5a7305fe-1a6c-f111-ab0f-7ced8da5852f
8,8,677,5,64,144,677,5,true,true,Male,#A0A972,#383838,5c7305fe-1a6c-f111-ab0f-7ced8da5852f
9,9,746,5,64,144,746,5,true,true,Male,#BB4B26,#383838,5e7305fe-1a6c-f111-ab0f-7ced8da5852f
10,10,815,5,64,144,815,5,true,true,High Intox,#BB4B26,#FF0000,607305fe-1a6c-f111-ab0f-7ced8da5852f
11,11,883,5,64,144,883,5,true,true,Male,#A0A972,#383838,627305fe-1a6c-f111-ab0f-7ced8da5852f
12,12,952,5,64,144,952,5,true,true,Male,#A0A972,#383838,647305fe-1a6c-f111-ab0f-7ced8da5852f
13,13,1021,5,64,144,1021,5,true,true,Male,#A0A972,#383838,657305fe-1a6c-f111-ab0f-7ced8da5852f
14,14,1090,5,64,144,1090,5,true,true,Male,#A0A972,#383838,667305fe-1a6c-f111-ab0f-7ced8da5852f
15,15,1159,5,64,144,1159,5,true,true,Male,#A0A972,#383838,677305fe-1a6c-f111-ab0f-7ced8da5852f
16,16,1227,5,64,144,1227,5,true,true,Male,#A0A972,#383838,687305fe-1a6c-f111-ab0f-7ced8da5852f
17,17,268,155,64,144,268,155,true,true,Male,#A0A972,#383838,697305fe-1a6c-f111-ab0f-7ced8da5852f
18,18,336,155,64,144,336,155,true,true,Male,#A0A972,#383838,6a7305fe-1a6c-f111-ab0f-7ced8da5852f
19,19,404,155,64,144,404,155,true,true,Male,#BB4B26,#383838,6b7305fe-1a6c-f111-ab0f-7ced8da5852f
20,20,472,155,64,144,472,155,true,true,Male,#A0A972,#383838,6c7305fe-1a6c-f111-ab0f-7ced8da5852f
21,21,609,155,64,144,609,155,true,true,Male,#A0A972,#383838,6d7305fe-1a6c-f111-ab0f-7ced8da5852f
22,22,677,155,64,144,677,155,true,true,Male,#A0A972,#383838,6e7305fe-1a6c-f111-ab0f-7ced8da5852f
23,23,746,155,64,144,746,155,true,true,Male,#A0A972,#383838,6f7305fe-1a6c-f111-ab0f-7ced8da5852f
24,24,815,155,64,144,815,155,true,true,Male,#A0A972,#383838,707305fe-1a6c-f111-ab0f-7ced8da5852f
25,25,952,155,64,144,952,155,true,true,Male,#A0A972,#383838,717305fe-1a6c-f111-ab0f-7ced8da5852f
26,26,1021,155,64,144,1021,155,true,true,Male,#A0A972,#383838,727305fe-1a6c-f111-ab0f-7ced8da5852f
27,27,1090,155,64,144,1090,155,true,true,Male,#BB4B26,#383838,737305fe-1a6c-f111-ab0f-7ced8da5852f
28,28,1159,155,64,144,1159,155,true,true,Male,#A0A972,#383838,747305fe-1a6c-f111-ab0f-7ced8da5852f
29,29,1295,155,210,67,1295,155,true,true,High Intox,#BB4B26,#FF0000,757305fe-1a6c-f111-ab0f-7ced8da5852f
30,30,1512,155,64,144,1512,155,true,true,High Intox,#BB4B26,#FF0000,767305fe-1a6c-f111-ab0f-7ced8da5852f
31,31,268,305,64,144,268,305,true,true,Male,#A0A972,#383838,777305fe-1a6c-f111-ab0f-7ced8da5852f
32,32,336,305,64,144,336,305,true,true,Male,#A0A972,#383838,787305fe-1a6c-f111-ab0f-7ced8da5852f
33,33,404,305,64,144,404,305,true,true,Male,#A0A972,#383838,797305fe-1a6c-f111-ab0f-7ced8da5852f
34,34,472,305,64,144,472,305,true,true,Male,#A0A972,#383838,7a7305fe-1a6c-f111-ab0f-7ced8da5852f
35,35,609,305,64,144,609,305,true,true,Male,#A0A972,#383838,7b7305fe-1a6c-f111-ab0f-7ced8da5852f
36,36,677,305,64,144,677,305,true,true,Male,#A0A972,#383838,7c7305fe-1a6c-f111-ab0f-7ced8da5852f
37,37,746,305,64,144,746,305,true,true,Male,#BB4B26,#383838,7d7305fe-1a6c-f111-ab0f-7ced8da5852f
38,38,815,305,64,144,815,305,true,true,Male,#A0A972,#383838,7e7305fe-1a6c-f111-ab0f-7ced8da5852f
39,39,952,305,64,144,952,305,true,true,Male,#A0A972,#383838,7f7305fe-1a6c-f111-ab0f-7ced8da5852f
40,40,1021,305,64,144,1021,305,true,true,Male,#A0A972,#383838,807305fe-1a6c-f111-ab0f-7ced8da5852f
41,41,1090,305,64,144,1090,305,true,true,Male,#A0A972,#383838,817305fe-1a6c-f111-ab0f-7ced8da5852f
42,42,1159,305,64,144,1159,305,true,true,Male,#A0A972,#383838,827305fe-1a6c-f111-ab0f-7ced8da5852f
43,43,1227,305,64,144,1227,305,true,true,Male,#A0A972,#383838,837305fe-1a6c-f111-ab0f-7ced8da5852f
44,44,1295,305,64,144,1295,305,true,true,Male,#A0A972,#383838,847305fe-1a6c-f111-ab0f-7ced8da5852f
45,45,1366,305,64,144,1366,305,true,true,Male,#A0A972,#383838,857305fe-1a6c-f111-ab0f-7ced8da5852f
46,46,200,455,64,144,200,455,true,true,Male,#A0A972,#383838,867305fe-1a6c-f111-ab0f-7ced8da5852f
47,47,268,455,64,144,268,455,true,true,Male,#A0A972,#383838,877305fe-1a6c-f111-ab0f-7ced8da5852f
48,48,336,455,64,144,336,455,true,true,Male,#A0A972,#383838,887305fe-1a6c-f111-ab0f-7ced8da5852f
49,49,404,455,64,144,404,455,true,true,Male,#A0A972,#383838,897305fe-1a6c-f111-ab0f-7ced8da5852f
50,50,472,455,64,144,472,455,true,true,Male,#A0A972,#383838,8a7305fe-1a6c-f111-ab0f-7ced8da5852f
51,51,609,455,64,144,609,455,true,true,Male,#A0A972,#383838,8b7305fe-1a6c-f111-ab0f-7ced8da5852f
52,52,677,455,64,144,677,455,true,true,Male,#A0A972,#383838,8c7305fe-1a6c-f111-ab0f-7ced8da5852f
53,53,746,455,64,144,746,455,true,true,Male,#A0A972,#383838,8d7305fe-1a6c-f111-ab0f-7ced8da5852f
54,54,815,455,64,144,815,455,true,true,Male,#A0A972,#383838,8e7305fe-1a6c-f111-ab0f-7ced8da5852f
55,55,952,455,64,144,952,455,true,true,Male,#A0A972,#383838,8f7305fe-1a6c-f111-ab0f-7ced8da5852f
56,56,1021,455,64,144,1021,455,true,true,Male,#A0A972,#383838,907305fe-1a6c-f111-ab0f-7ced8da5852f
57,57,1090,455,64,144,1090,455,true,true,Male,#A0A972,#383838,917305fe-1a6c-f111-ab0f-7ced8da5852f
58,58,1159,455,64,144,1159,455,true,true,Male,#A0A972,#383838,927305fe-1a6c-f111-ab0f-7ced8da5852f
59,59,1227,455,64,144,1227,455,true,true,Male,#A0A972,#383838,937305fe-1a6c-f111-ab0f-7ced8da5852f
60,60,1295,455,64,144,1295,455,true,true,Male,#A0A972,#383838,947305fe-1a6c-f111-ab0f-7ced8da5852f
61,61,1366,455,64,144,1366,455,true,true,Male,#A0A972,#383838,957305fe-1a6c-f111-ab0f-7ced8da5852f
62,62,200,605,64,145,200,605,true,true,Male,#A0A972,#383838,967305fe-1a6c-f111-ab0f-7ced8da5852f
63,63,268,605,132,67,268,605,true,true,Male,#A0A972,#383838,977305fe-1a6c-f111-ab0f-7ced8da5852f
64,64,404,605,132,67,404,605,true,true,Male,#A0A972,#383838,987305fe-1a6c-f111-ab0f-7ced8da5852f
65,65,609,605,132,67,609,605,true,true,Male,#A0A972,#383838,997305fe-1a6c-f111-ab0f-7ced8da5852f
66,66,746,605,132,67,746,605,true,true,Male,#A0A972,#383838,9a7305fe-1a6c-f111-ab0f-7ced8da5852f
67,67,952,605,132,67,952,605,true,true,Male,#A0A972,#383838,9b7305fe-1a6c-f111-ab0f-7ced8da5852f
68,68,1090,605,132,67,1090,605,true,true,Male,#A0A972,#383838,9c7305fe-1a6c-f111-ab0f-7ced8da5852f
69,69,1227,605,203,67,1227,605,true,true,Male,#A0A972,#383838,9d7305fe-1a6c-f111-ab0f-7ced8da5852f
70,70,404,680,64,144,404,680,true,true,Female,#A0A972,#F7FF6B,9e7305fe-1a6c-f111-ab0f-7ced8da5852f
71,71,472,680,64,144,472,680,true,true,Female,#A0A972,#F7FF6B,9f7305fe-1a6c-f111-ab0f-7ced8da5852f
72,72,540,680,64,144,540,680,true,true,Female,#A0A972,#F7FF6B,a07305fe-1a6c-f111-ab0f-7ced8da5852f
73,73,609,680,64,144,609,680,true,true,Female,#A0A972,#F7FF6B,a17305fe-1a6c-f111-ab0f-7ced8da5852f
74,74,677,680,64,144,677,680,true,true,Female,#A0A972,#F7FF6B,a27305fe-1a6c-f111-ab0f-7ced8da5852f
75,75,815,680,64,144,815,680,true,true,Female,#A0A972,#F7FF6B,a37305fe-1a6c-f111-ab0f-7ced8da5852f
76,76,883,680,64,144,883,680,true,true,Female,#A0A972,#F7FF6B,a47305fe-1a6c-f111-ab0f-7ced8da5852f
77,77,952,680,64,144,952,680,true,true,Female,#A0A972,#F7FF6B,a57305fe-1a6c-f111-ab0f-7ced8da5852f
78,78,1021,680,64,144,1021,680,true,true,Female,#A0A972,#F7FF6B,a67305fe-1a6c-f111-ab0f-7ced8da5852f
79,79,1090,680,64,144,1090,680,true,true,Female,#A0A972,#F7FF6B,a77305fe-1a6c-f111-ab0f-7ced8da5852f
80,80,1159,680,64,144,1159,680,true,true,Female,#A0A972,#F7FF6B,a87305fe-1a6c-f111-ab0f-7ced8da5852f
81,81,1227,680,64,144,1227,680,true,true,Female,#A0A972,#F7FF6B,a97305fe-1a6c-f111-ab0f-7ced8da5852f
82,82,1295,680,64,144,1295,680,true,true,Female,#A0A972,#F7FF6B,aa7305fe-1a6c-f111-ab0f-7ced8da5852f
83,83,1366,680,64,144,1366,680,true,true,Female,#A0A972,#F7FF6B,ab7305fe-1a6c-f111-ab0f-7ced8da5852f
84,84,404,830,64,144,404,830,true,true,Female,#A0A972,#F7FF6B,ac7305fe-1a6c-f111-ab0f-7ced8da5852f
85,85,472,830,64,144,472,830,true,true,Female,#A0A972,#F7FF6B,ad7305fe-1a6c-f111-ab0f-7ced8da5852f
86,86,540,830,64,144,540,830,true,true,Female,#A0A972,#F7FF6B,ae7305fe-1a6c-f111-ab0f-7ced8da5852f
87,87,609,830,64,144,609,830,true,true,Female,#A0A972,#F7FF6B,af7305fe-1a6c-f111-ab0f-7ced8da5852f
88,88,677,830,64,144,677,830,true,true,Female,#A0A972,#F7FF6B,b07305fe-1a6c-f111-ab0f-7ced8da5852f
89,89,815,830,64,144,815,830,true,true,Female,#A0A972,#F7FF6B,b17305fe-1a6c-f111-ab0f-7ced8da5852f
90,90,883,830,64,144,883,830,true,true,Female,#A0A972,#F7FF6B,b27305fe-1a6c-f111-ab0f-7ced8da5852f
91,91,952,830,64,144,952,830,true,true,Female,#A0A972,#F7FF6B,b37305fe-1a6c-f111-ab0f-7ced8da5852f
92,92,1021,830,64,144,1021,830,true,true,Female,#A0A972,#F7FF6B,b47305fe-1a6c-f111-ab0f-7ced8da5852f
93,93,1090,830,64,144,1090,830,true,true,Female,#A0A972,#F7FF6B,b57305fe-1a6c-f111-ab0f-7ced8da5852f
94,94,1159,830,64,144,1159,830,true,true,Female,#A0A972,#F7FF6B,b67305fe-1a6c-f111-ab0f-7ced8da5852f
95,95,1227,830,64,144,1227,830,true,true,Female,#A0A972,#F7FF6B,b77305fe-1a6c-f111-ab0f-7ced8da5852f
96,96,1295,830,64,144,1295,830,true,true,Female,#A0A972,#F7FF6B,b87305fe-1a6c-f111-ab0f-7ced8da5852f
97,97,1366,830,64,144,1366,830,true,true,Female,#A0A972,#F7FF6B,b97305fe-1a6c-f111-ab0f-7ced8da5852f
98,98,1512,455,145,67,1512,455,true,true,Female,#A0A972,#F7FF6B,ba7305fe-1a6c-f111-ab0f-7ced8da5852f
99,99,1512,530,145,67,1512,530,true,true,Female,#A0A972,#F7FF6B,bb7305fe-1a6c-f111-ab0f-7ced8da5852f
100,100,1512,605,145,67,1512,605,true,true,Female,#A0A972,#F7FF6B,bc7305fe-1a6c-f111-ab0f-7ced8da5852f
101,101,1512,680,145,67,1512,680,true,true,Female,#A0A972,#F7FF6B,bd7305fe-1a6c-f111-ab0f-7ced8da5852f
102,102,1512,755,145,67,1512,755,true,true,Female,#A0A972,#F7FF6B,be7305fe-1a6c-f111-ab0f-7ced8da5852f
103,103,1512,830,145,67,1512,830,true,true,Female,#A0A972,#F7FF6B,bf7305fe-1a6c-f111-ab0f-7ced8da5852f
104,104,1512,905,145,67,1512,905,true,true,Female,#A0A972,#F7FF6B,c07305fe-1a6c-f111-ab0f-7ced8da5852f
105,105,1512,980,145,60,1512,980,true,true,Female,#A0A972,#F7FF6B,c17305fe-1a6c-f111-ab0f-7ced8da5852f
106,106,130,905,68,138,130,905,true,true,Female,#A0A972,#F7FF6B,c27305fe-1a6c-f111-ab0f-7ced8da5852f
107,107,1090,980,200,60,1090,980,true,false,,#A0A972,,5231ba23-a6b2-f111-aaae-7ced8da50854
108,108,1444,5,64,144,1444,5,true,true,,#A0A972,,c47305fe-1a6c-f111-ab0f-7ced8da5852f
109,109,1512,5,145,67,1512,5,true,true,,#A0A972,,c57305fe-1a6c-f111-ab0f-7ced8da5852f
110,110,1512,78,145,67,1512,78,true,true,,#A0A972,,c67305fe-1a6c-f111-ab0f-7ced8da5852f
,Basement,2,870,32,90,2,870,true,false,,#A0A972,,ca48152c-a6b2-f111-aaae-7c1e5253ff0a
,Client Entry,1585,340,68,78,1585,340,true,false,,#A0A972,,5ff61726-a6b2-f111-aaae-7c1e5253ff0a
,Concession Stand,404,980,340,60,404,980,true,false,,#A0A972,,b0a16c30-a6b2-f111-aaae-7ced8da50854
,Extra Mat,130,155,69,150,130,155,true,false,Male,#A0A972,#383838,16b4bdbe-e497-f111-b8dd-6045bd60d54a
,Fire Exit,25,5,72,448,25,5,true,false,Male,#A0A972,#383838,1402a3ae-5084-f111-8076-7c1e5253346f
,Nurse's Office,1295,5,144,144,1295,5,true,false,,#A0A972,,54f61726-a6b2-f111-aaae-7c1e5253ff0a
,OF 6,1270,985,150,69,1270,985,false,false,Male,#A0A972,#383838,212ae9b1-5384-f111-8076-7c1e5253346f
,OF 7,1110,985,150,69,1110,985,false,false,Male,#A0A972,#383838,5fab2fa0-5384-f111-8076-7c1e5253346f
,OF 8,950,985,150,69,950,985,false,false,Male,#A0A972,#383838,2e2a4f38-5384-f111-8076-7c1e5253346f
,OPS,2,530,32,76,2,530,true,false,,#A0A972,,f368712a-a6b2-f111-aaae-7ced8da50854
,Shift Office,1585,155,68,144,1585,155,true,false,,#A0A972,,5931ba23-a6b2-f111-aaae-7ced8da50854
,Wheelchair Priority,25,645,72,182,25,645,true,false,,#A0A972,,c348152c-a6b2-f111-aaae-7c1e5253ff0a
